<?xml version="1.0"?>
<metadata xml:lang="en"><Esri><CreaDate>20220521</CreaDate><CreaTime>10393300</CreaTime><ArcGISFormat>1.0</ArcGISFormat><SyncOnce>TRUE</SyncOnce><scaleRange><minScale>150000000</minScale><maxScale>5000</maxScale></scaleRange><ArcGISProfile>FGDC</ArcGISProfile></Esri><dataIdInfo><idPurp>Location for police stations are the unit police stations that seek to fight crime within their designated boundary. </idPurp><idAbs>&lt;DIV STYLE="text-align:Left;"&gt;&lt;DIV&gt;&lt;DIV&gt;&lt;P&gt;&lt;SPAN&gt;The Police Station points were received from the University of Cape Town, Geomatics division local computer network folder.&lt;/SPAN&gt;&lt;/P&gt;&lt;/DIV&gt;&lt;/DIV&gt;&lt;/DIV&gt;</idAbs><idCitation xmlns=""><resTitle>Western Cape Police Stations</resTitle><date><createDate>2022-05-16T00:00:00</createDate><pubDate>2022-05-21T00:00:00</pubDate><reviseDate>2022-05-21T00:00:00</reviseDate></date><presForm xmlns=""><fgdcGeoform>spreadsheet</fgdcGeoform></presForm><citRespParty xmlns=""><rpIndName>Njabulo Mthiyane</rpIndName><rpOrgName>University of Cape Town</rpOrgName><rpPosName>Student</rpPosName><role><RoleCd value="005"/></role></citRespParty></idCitation><searchKeys><keyword>SAPS</keyword><keyword>Western Cape</keyword></searchKeys><dataChar><CharSetCd value="004"/></dataChar><resMaint xmlns=""><maintFreq><MaintFreqCd value="008"/></maintFreq><dateNext>2024-03-01T00:00:00</dateNext><usrDefFreq><duration>yearly</duration></usrDefFreq></resMaint></dataIdInfo><mdHrLv><ScopeCd value="005"/></mdHrLv><mdFileID>8200CA55-D6CA-467A-82DB-3B82E3B7AC53</mdFileID><mdLang><languageCode value="eng"/></mdLang><mdChar><CharSetCd value="004"/></mdChar><mdDateSt Sync="TRUE">20220521</mdDateSt><dataSetURI>https://mthnja014.github.io/Western_Cape_SAPS_SDI/</dataSetURI></metadata>
